Country,#Of Drivers,Driver Names
British,162,"Lewis Hamilton ,David Coulthard ,Jenson Button ,Anthony Davidson ,Justin Wilson ,Eddie Irvine ,Johnny Herbert ,Allan McNish ,Damon Hill ,Martin Brundle ,Mark Blundell ,Nigel Mansell ,Derek Warwick ,Perry McCarthy ,Julian Bailey ,Martin Donnelly ,Jonathan Palmer ,Johnny Dumfries ,Kenny Acheson ,John Watson ,Brian Henton ,Geoff Lees ,Rupert Keegan ,Stephen South ,Tiff Needell ,James Hunt ,Divina Galica ,Tony Trimmer ,Tom Pryce ,David Purley ,Jackie Oliver ,Andy Sutcliffe ,Guy Edwards ,Ian Ashley ,Bob Evans ,Damien Magee ,Mike Wilds ,Graham Hill ,Tony Brise ,Dave Morgan ,Jim Crawford ,Mike Hailwood ,Richard Robarts ,Brian Redman ,Peter Gethin ,Derek Bell ,David Hobbs ,Jackie Stewart ,Mike Beuttler ,Roger Williamson ,John Surtees ,Vic Elford ,Chris Craft ,John Miles ,Piers Courage ,Peter Westbury ,Richard Attwood ,Jim Clark ,Mike Spence ,Robin Widdows ,Bob Anderson ,Mike Parkes ,Chris Irwin ,Alan Rees ,Brian Hart ,Jonathan Williams ,Peter Arundell ,Vic Wilson ,John Taylor ,Chris Lawrence ,Trevor Taylor ,Innes Ireland ,David Prophet ,John Rhodes ,Ian Raby ,Alan Rollinson ,Brian Gubby ,John Campbell-Jones ,Ian Burgess ,Tim Parnell ,Jackie Lewis ,Roy Salvadori ,Tony Marsh ,Gerry Ashmore ,Colin Davis ,Keith Greene ,Rob Schroeder ,Stirling Moss ,Cliff Allison ,Tony Brooks ,Henry Taylor ,Brian Naylor ,Jack Fairman ,Geoff Duke ,Ken Miles ,Alan Stacey ,Chris Bristow ,Bruce Halford ,Mike Taylor ,Ron Flockhart ,David Piper ,Arthur Owen ,Horace Gould ,Ivor Bueb ,Peter Ashdown ,Bill Moss ,Dennis Taylor ,Mike Hawthorn ,Peter Collins ,Paul Emery ,Bernie Ecclestone ,Stuart Lewis-Evans ,Dick Gibson ,Tom Bridger ,Les Leston ,Mike MacDowel ,Bob Gerard ,Colin Chapman ,Desmond Titterington ,Archie Scott Brown ,Lance Macklin ,Ted Whiteaway ,Peter Walker ,Ken Wharton ,Kenneth McAlpine ,Leslie Marr ,Tony Rolt ,Don Beauman ,Leslie Thorne ,Bill Whitehouse ,John Riseley-Prichard ,Reg Parnell ,Peter Whitehead ,Eric Brandon ,Alan Brown ,Rodney Nuckey ,John Barber ,Tony Crook ,Jimmy Stewart ,Ian Stewart ,Duncan Hamilton ,George Abecassis ,Robin Montgomerie-Charrington ,Dennis Poore ,Eric Thompson ,Ken Downing ,Graham Whitehead ,David Murray ,Bill Aston ,Philip Fotheringham-Parker ,Brian Shawe Taylor ,John James ,Ken Richardson ,David Hampshire ,Geoff Crossley ,Cuth Harrison ,Joe Fry ,Leslie Johnson ,Paul di Resta ,Max Chilton ,Will Stevens ,Jolyon Palmer"
American,157,"Scott Speed ,Michael Andretti ,Eddie Cheever ,Danny Sullivan ,Mario Andretti ,Kevin Cogan ,Brett Lunger ,Danny Ongais ,Bobby Rahal ,Mark Donohue ,Peter Revson ,George Follmer ,Skip Barber ,Sam Posey ,Pete Lovely ,Dan Gurney ,Gus Hutchison ,Bobby Unser ,Richie Ginther ,Mike Fisher ,Tom Jones ,Bob Bondurant ,Phil Hill ,Ronnie Bucknum ,Masten Gregory ,Walt Hansgen ,Hap Sharp ,Tony Settember ,Jim Hall ,Rodger Ward ,Frank Dochnal ,Thomas Monarch ,Jay Chamberlain ,Roger Penske ,Timmy Mayer ,Lloyd Ruby ,Harry Schell ,Chuck Daigh ,Lance Reventlow ,Jim Rathmann ,Paul Goldsmith ,Don Branson ,Johnny Thomson ,Eddie Johnson ,Bob Veith ,Bud Tingelstad ,Bob Christie ,Red Amick ,Duane Carter ,Bill Homeier ,Gene Hartley ,Chuck Stevenson ,Bobby Grim ,Shorty Templeman ,Jim Hurtubise ,Jimmy Bryan ,Troy Ruttman ,Eddie Sachs ,Don Freeland ,Tony Bettenhausen ,Wayne Weiler ,Anthony Foyt ,Eddie Russo ,Johnny Boyd ,Gene Force ,Jim McWithey ,Len Sutton ,Dick Rathmann ,Al Herman ,Dempsey Wilson ,Fred Gamble ,Bob Drake ,Paul Russo ,Jimmy Daywalt ,Chuck Arnold ,Al Keller ,Pat Flaherty ,Bill Cheesbourg ,Ray Crawford ,Jack Turner ,Chuck Weyant ,Jud Larson ,Mike Magill ,Carroll Shelby ,Harry Blanchard ,George Constantine ,Bob Said ,Phil Cade ,Bruce Kessler ,George Amick ,Jimmy Reece ,Johnnie Parsons ,Johnnie Tolan ,Billy Garrett ,Ed Elisian ,Pat O'Connor ,Jerry Unser ,Art Bisch ,Sam Hanks ,Andy Linden ,Marshall Teague ,Don Edmunds ,Fred Agabashian ,Elmer George ,Herbert MacKay-Fraser ,Bob Sweikert ,Cliff Griffith ,Duke Dinsmore ,Keith Andrews ,Jimmy Davies ,Walt Faulkner ,Cal Niday ,Art Cross ,Bill Vukovich ,Jack McGrath ,Jerry Hoyt ,John Fitch ,Mike Nazaruk ,Larry Crockett ,Manny Ayulo ,Frank Armi ,Travis Webb ,Len Duncan ,Ernie McCoy ,Jacques Swaters ,Fred Wacker ,Duke Nalon ,Carl Scarborough ,Bill Holland ,Bob Scott ,George Connor ,Jim Rigsby ,Joe James ,Bill Schindler ,George Fonder ,Henry Banks ,Johnny McDowell ,Chet Miller ,Bobby Ball ,Robert O'Brien ,Lee Wallard ,Carl Forberg ,Mauri Rose ,Bill Mackey ,Cecil Green ,Walt Brown ,Mack Hellings ,Joie Chitwood ,Myron Fohr ,Walt Ader ,Jackie Holmes ,Bayliss Levrett ,Jimmy Jackson ,Bill Cantrell ,Johnny Mantz ,Danny Kladis ,Alexander Rossi"
Italian,99,"Jarno Trulli ,Giancarlo Fisichella ,Vitantonio Liuzzi ,Giorgio Pantano ,Gianmaria Bruni ,Luca Badoer ,Alessandro Zanardi ,Nicola Larini ,Vincenzo Sospiri ,Gianni Morbidelli ,Andrea Montermini ,Giovanni Lavaggi ,Domenico Schiattarella ,Pierluigi Martini ,Massimiliano Papis ,Gabriele Tarquini ,Michele Alboreto ,Andrea de Cesaris ,Riccardo Patrese ,Fabrizio Barbazza ,Ivan Capelli ,Marco Apicella ,Emanuele Naspetti ,Stefano Modena ,Giovanna Amati ,Alex Caffi ,Enrico Bertaggia ,Emanuele Pirro ,Alessandro Nannini ,Paolo Barilla ,Claudio Langes ,Bruno Giacomelli ,Piercarlo Ghinzani ,Teo Fabi ,Elio de Angelis ,Mauro Baldi ,Corrado Fabi ,Riccardo Paletti ,Beppe Gabbiani ,Siegfried Stohr ,Giorgio Francia ,Vittorio Brambilla ,Arturo Merzario ,Gianfranco Brancatelli ,Lamberto Leoni ,Alberto Colombo ,Carlo Franchi ,Renzo Zorzi ,Lella Lombardi ,Alessandro Pesenti-Rossi ,Carlo Facetti ,Nanni Galli ,Andrea de Adamich ,Ignazio Giunti ,Ludovico Scarfiotti ,Lorenzo Bandini ,Giancarlo Baghetti ,Giacomo Russo ,Roberto Bussinello ,Nino Vaccarella ,Giorgio Bassi ,Ernesto Brambilla ,Roberto Lippi ,Carlo Abate ,Gaetano Starrabba ,Ernesto Prinoth ,Giorgio Scarlatti ,Massimo Natili ,Renato Pirocchi ,Menato Boffa ,Gino Munaron ,Giulio Cabianca ,Piero Drogo ,Maria de Filippis ,Luigi Musso ,Gerino Gerini ,Luigi Piotti ,Luigi Taramazzo ,Cesare Perdisa ,Eugenio Castellotti ,Umberto Maglioli ,Luigi Villoresi ,Piero Scotti ,Piero Taruffi ,Nino Farina ,Sergio Mantovani ,Alberto Ascari ,Giovanni de Riu ,Felice Bonetto ,Piero Carini ,Franco Comotti ,Piero Dusio ,Franco Rol ,Consalvo Sanesi ,Luigi Fagioli ,Clemente Biondetti ,Nello Pagani ,Dorino Serafini ,Antonio Giovinazzi"
French,72,"Sebastien Bourdais ,Franck Montagny ,Olivier Panis ,Jean Alesi ,Stephane Sarrazin ,Jean-Christophe Boullion ,Iaric Bernard ,Paul Belmondo ,Jean-Marc Gounon ,Philippe Alliot ,Yannick Dalmas ,Franck Lagorce ,Alain Prost ,Olivier Grouillard ,Romain Grosjean ,Pierre-Henri Raphanel ,Rene Arnoux ,Philippe Streiff ,Jean-Louis Schlesser ,Pascal Fabre ,Jacques Laffite ,Patrick Tambay ,Francois Hesnault ,Jean-Pierre Jarier ,Didier Pironi ,Jean-Pierre Jabouille ,Patrick Depailler ,Patrick Gaillard ,Michel Leclcre ,Henri Pescarolo ,Francois Migault ,Jean-Pierre Beltoise ,Gerard Larrousse ,Josio Dolhem ,Francois Cevert ,Francois Mazet ,Max Jean ,Johnny Servoz-Gavin ,Jo Schlesser ,Guy Ligier ,Maurice Trintignant ,Bernard Collomb ,Pierre Gasly ,Jean Lucienbonnet ,Jean Behra ,Robert La Caze ,Andre Guelfi ,Francois Picard ,Andre Simon ,Ialie Bayol ,Robert Manzon ,Louis Rosier ,Jacques Pollet ,Mike Sparken ,Jean Lucas ,Roger Loyer ,Yves Cabantous ,Philippe ��tancelin ,Marcel Balsa ,Guy Mairesse ,Henri Louveau ,Pierre Levegh ,Eugene Chaboud ,Aldo Gordini ,Georges Grignard ,Eug̬ne Martin ,Raymond Sommer ,Charles Pozzi ,Jean-Eric Vergne ,Charles Pic ,Jules Bianchi ,Esteban Ocon"
German,49,"Nick Heidfeld ,Nico Rosberg ,Timo Glock ,Adrian Sutil ,Sebastian Vettel ,Ralf Schumacher ,Markus Winkelhock ,Michael Schumacher ,Heinz-Harald Frentzen ,Michael Bartels ,Bernd Schneider ,Christian Danner ,Volker Weidler ,Joachim Winkelhock ,Manfred Winkelhock ,Stefan Bellof ,Jochen Mass ,Hans-Joachim Stuck ,Rolf Stommelen ,Hans Heyer ,Hubert Hahne ,Kurt Ahrens ,Gerhard Mitter ,Edgar Barth ,Kurt Kuhnke ,Gunther Seiffert ,Wolfgang Seidel ,Wolfgang von Trips ,Hans Herrmann ,Karl Kling ,Hermann Lang ,Theo Helfrich ,Oswald Karch ,Willi Heeks ,Kurt Adolff ,Gunther Bechem ,Erwin Bauer ,Hans von Stuck ,Ernst Loof ,Toni Ulmen ,Adolf Brudes ,Fritz Riess ,Helmut Niedermayr ,Hans Klenk ,Paul Pietsch ,Josef Peters ,Nico Hulkenberg ,Andre Lotterer ,Pascal Wehrlein"
Brazilian,31,"Nelson Piquet Jr. ,Felipe Massa ,Rubens Barrichello ,Ricardo Zonta ,Antonio Pizzonia ,Cristiano da Matta ,Luciano Burti ,Tarso Marques ,Enrique Bernoldi ,Pedro Diniz ,Ricardo Rosset ,Roberto Moreno ,Ayrton Senna ,Christian Fittipaldi ,Mauricio Gugelmin ,Nelson Piquet ,Chico Serra ,Raul Boesel ,Emerson Fittipaldi ,Alex Ribeiro ,Carlos Pace ,Ingo Hoffmann ,Wilson Fittipaldi ,Luiz Bueno ,Fritz d'Orey ,Chico Landi ,Hernando da Silva Ramos ,Gino Bianco ,Lucas di Grassi ,Bruno Senna ,Felipe Nasr"
Argentine,24,"Gaston Mazzacane ,Esteban Tuero ,Norberto Fontana ,Oscar Larrauri ,Carlos Reutemann ,Miguel Ingel Guerra ,Ricardo Zunino ,Nasif Est̩fano ,Juan Manuel Bordeu ,Carlos Menditeguy ,Alberto Rodriguez Larreta ,Joso Froilan Gonzalez ,Roberto Bonomi ,Juan Fangio ,Roberto Mieres ,Clemar Bucci ,Jess Iglesias ,Pablo Birger ,Onofre Marimi ,Jorge Daponte ,Oscar Gialvez ,Adolfo Cruz ,Alberto Crespo ,Alfredo Pian"
Belgian,23,"Bertrand Gachot ,Philippe Adams ,Thierry Boutsen ,Eric van de Poele ,Jacky Ickx ,Patrick Neve ,Bernard de Dryver ,Teddy Pilette ,Lucien Bianchi ,Andr̩ Pilette ,Willy Mairesse ,Olivier Gendebien ,Alain de Changy ,Christian Goethals ,Paul Frae ,Andre Milhoux ,Johnny Claes ,Georges Berger ,Arthur Legat ,Charles de Tornaco ,Roger Laurent ,Jerome d'Ambrosio ,Stoffel Vandoorne"
South African,23,"Jody Scheckter ,Desir̩ Wilson ,Ian Scheckter ,Guy Tunmer ,Eddie Keizan ,Dave Charlton ,Paddy Driver ,Jackie Pretorius ,Peter de Klerk ,Basil van Rooyen ,Luki Botha ,Tony Maggs ,Trevor Blokdyk ,Neville Lederle ,Doug Serrurier ,Brausch Niemann ,Ernie Pieterse ,Ray Reed ,David Clapham ,Alex Blignaut ,Bruce Johnstone ,Mike Harris ,Syd van der Vyver"
Swiss,23,"Sebastien Buemi ,Jean-Denis D̩l̩traz ,Andrea Chiesa ,Gregor Foitek ,Franco Forini ,Marc Surer ,Clay Regazzoni ,Loris Kessel ,Jo Vonlanthen ,Jo Siffert ,Silvio Moser ,Heinz Schiller ,Heini Walter ,Michael May ,Peter Monteverdi ,Ottorino Volonterio ,Toulo de Graffenried ,Albert Scherrer ,Max de Terra ,Peter Hirt ,Rudi Fischer ,Rudolf Schoeller ,Toni Branca"
Japanese,19,"Kazuki Nakajima ,Takuma Sato ,Sakon Yamamoto ,Yuji Ide ,Toranosuke Takagi ,Shinji Nakano ,Ukyo Katayama ,Aguri Suzuki ,Taki Inoue ,Hideki Noda ,Toshio Suzuki ,Satoru Nakajima ,Naoki Hattori ,Kamui Kobayashi ,Kunimitsu Takahashi ,Kazuyoshi Hoshino ,Noritake Takahara ,Masahiro Hasemi ,Hiroshi Fushida"
Dutch,17,"Christijan Albers ,Robert Doornbos ,Jos Verstappen ,Jan Lammers ,Huub Rothengatter ,Michael Bleekemolen ,Boy Lunger ,Roelof Wunderink ,Gijs van Lennep ,Carel Godin de Beaufort ,Ernie de Vos ,Ben Pon ,Rob Slotemaker ,Dries van der Lof ,Jan Flinterman ,Giedo van der Garde ,Max Verstappen"
Australian,17,"Mark Webber ,David Brabham ,Gary Brabham ,Alan Jones ,Larry Perkins ,Brian McGuire ,Vern Schuppan ,Warwick Brown ,Tim Schenken ,David Walker ,Jack Brabham ,Frank Gardner ,Paul Hawkins ,Ken Kavanagh ,Paul England ,Tony Gaze ,Daniel Ricciardo"
Spanish,15,"Fernando Alonso ,Pedro de la Rosa ,Marc Gen̩ ,Jaime Alguersuari ,Luis Perez-Sala ,Adrian Campos ,Emilio de Villota ,Emilio Zapico ,Alex Soler-Roig ,Antonio Creus ,Paco Godia ,Alfonso de Portago ,Juan Jover ,Carlos Sainz ,Roberto Merhi"
Austrian,15,"Alexander Wurz ,Christian Klien ,Patrick Friesacher ,Gerhard Berger ,Karl Wendlinger ,Roland Ratzenberger ,Niki Lauda ,Jo Gartner ,Harald Ertl ,Hans Binder ,Otto Stuppacher ,Dieter Quester ,Helmuth Koinigg ,Helmut Marko ,Jochen Rindt"
Canadian,13,"Jacques Villeneuve ,Allen Berg ,Jacques Villeneuve Sr. ,Gilles Villeneuve ,Eppie Wietzes ,Bill Brack ,George Eaton ,John Cannon ,Al Pease ,John Cordts ,Peter Broeker ,Peter Ryan ,Lance Stroll"
Swedish,10,"Stefan Johansson ,Slim Borgudd ,Ronnie Peterson ,Gunnar Nilsson ,Conny Andersson ,Torsten Palm ,Reine Wisell ,Bertil Roos ,Jo Bonnier ,Marcus Ericsson"
Finnish,9,"Heikki Kovalainen ,Kimi Raikkonen ,Mika Hakkinen ,Mika Salo ,Jyrki Jarvilehto ,Keke Rosberg ,Mikko Kozarowitzky ,Leo Kinnunen ,Valtteri Bottas"
New Zealander,9,"Mike Thackwell ,Chris Amon ,John Nicholson ,Denny Hulme ,Howden Ganley ,Graham McRae ,Bruce McLaren ,Tony Shelly ,Brendon Hartley"
Mexican,6,"Hector Rebaque ,Pedro Rodr�_guez ,Moises Solana ,Ricardo Rodriguez ,Sergio P̩rez ,Esteban Guti̩rrez"
Danish,5,"Nicolas Kiesa ,Jan Magnussen ,Jac Nelleman ,Tom Belso ,Kevin Magnussen"
Irish,5,"Ralph Firman ,Derek Daly ,Tommy Byrne ,Dave Kennedy ,Joe Kelly"
Rhodesian,4,"John Love ,Sam Tingle ,Clive Puzey ,Gary Hocking"
Uruguayan,4,"Azdrubal Fontes ,Alberto Uria ,Eitel Cantoni ,Oscar Gonzalez"
Portuguese,4,"Tiago Monteiro ,Pedro Lamy ,Pedro Chaves ,Mario de Ara̼jo Cabral"
Venezuelan,3,"Johnny Cecotto ,Ettore Chimeri ,Pastor Maldonado"
Colombian,3,"Juan Pablo Montoya ,Roberto Guerrero ,Ricardo Londo̱o"
East German,3,"Ernst Klodwig ,Rudolf Krause ,Theo Fitzau"
Monegasque,3,"Olivier Beretta ,Andrio Testut ,Louis Chiron"
Indian,2,"Narain Karthikeyan ,Karun Chandhok"
Russian,2,"Vitaly Petrov ,Daniil Kvyat"
Argentine-Italian,1,Alessandro de Tomaso
American-Italian,1,Alfonso Thiele
Indonesian,1,Rio Haryanto
Hungarian,1,Zsolt Baumgartner
Thai,1,Prince Bira
Chilean,1,Eliseo Salazar
Malaysian,1,Alex Yoong
Liechtensteiner,1,Rikky von Opel
Polish,1,Robert Kubica
Czech,1,Tomas Enge
